{
  "best_trail": 5.0,
  "best_port_avg": -77.48702601933647,
  "grid": {
    "trail=0.5": {
      "port_avg": -913.3626396147134,
      "total_trades": 13680,
      "avg_wr": 6.952269957024964
    },
    "trail=1.0": {
      "port_avg": -455.70902785001283,
      "total_trades": 7056,
      "avg_wr": 18.420809267657283
    },
    "trail=1.5": {
      "port_avg": -267.25262793639695,
      "total_trades": 4341,
      "avg_wr": 24.155718858986894
    },
    "trail=2.0": {
      "port_avg": -189.65548981636326,
      "total_trades": 3129,
      "avg_wr": 27.55575291069353
    },
    "trail=2.5": {
      "port_avg": -142.3055541249486,
      "total_trades": 2449,
      "avg_wr": 30.58874105854155
    },
    "trail=3.0": {
      "port_avg": -113.14713141262443,
      "total_trades": 2042,
      "avg_wr": 33.542151601317734
    },
    "trail=4.0": {
      "port_avg": -92.69889918113292,
      "total_trades": 1665,
      "avg_wr": 35.140383813635864
    },
    "trail=5.0": {
      "port_avg": -77.48702601933647,
      "total_trades": 1467,
      "avg_wr": 36.40323667312475
    }
  }
}